"","12","13","14","15","16","17","18","19","20","21","22","23","24","25","26","27","28","29","30","31","32","33","34","35","36","37","38","39","40","41","42","43","44","45","46","47","48","49","50","51","52","53","54","55"
"1947",-1.61987533444048e-07,-1.39887201017795e-06,1.4092767960004e-05,0.00124068618573646,0.00409601557196347,0.00791797048183965,0.0112644925608635,0.0145881253908597,0.021592681944734,0.0238014431181776,0.020047944766407,0.00876565773623569,0.00721657136488441,-0.0101371904077713,-0.030029181073825,-0.0396157190368798,-0.0359185155469329,-0.0386745981844435,-0.0362948501200057,-0.0387763165995015,-0.0437218473573247,-0.0420444870287751,-0.0387458024107068,-0.0388433916308424,-0.0369776536570399,-0.0350155082328996,-0.0329746785280273,-0.0293825676303404,-0.0242065675112591,-0.0167554847956629,-0.0122910165312746,-0.0055661109699312,-0.0012573862560993,0.00122440972754407,0.00198627029690092,0.00105406462243891,0.000329109973665554,-0.000171640570608455,-0.000301760020327905,-0.000220696024831026,-0.000142138114710874,-0.000104214283466318,-9.03473057778534e-05,-0.000294264643020734
"1948",-2.28482077753471e-07,-9.00168422613211e-06,-6.72608987054503e-05,0.0012823484063953,0.00384628397550935,0.00777988030880254,0.0106523487634698,0.0167481367635053,0.0257210448740084,0.0309937430757847,0.0296921043547062,0.01958246525942,0.01231701049357,0.00136399785795788,-0.0179093722193316,-0.0299771267131816,-0.037011283496706,-0.025832482117885,-0.0292565946253536,-0.0317321516807693,-0.0368792455010899,-0.0343940199513736,-0.0324985368173861,-0.0305221292681066,-0.0296184345870644,-0.02892818733458,-0.0296891975285544,-0.0256127513880452,-0.0232034178907734,-0.0167563968208125,-0.0114929619272762,-0.00539733457184351,-0.000796502026900918,0.0015067466857107,0.00214061926127265,0.00107230496621717,0.000244420825924073,-6.99735391463873e-05,-0.000214513134270579,-0.000150017961903571,-9.50912992408828e-05,-5.69027749604063e-05,-4.93876401595403e-05,-0.000140430434866525
"1949",-3.47541423090996e-08,2.07594778181769e-06,5.35579364336273e-05,0.001848048148015,0.00541887326648272,0.0112784406370625,0.0167719048788042,0.0230807591976402,0.032023933988859,0.0338706126887897,0.0287929633221516,0.017561322795583,0.0108740046096598,0.000473478851128473,-0.0148922551746637,-0.0271677552646782,-0.0360876388070913,-0.0350157943007272,-0.0285449520448362,-0.0355311266862692,-0.0385374240561344,-0.0352404112245786,-0.0320073577686126,-0.0290892832479888,-0.0261015048844852,-0.0250888946623969,-0.0259846273296678,-0.0228550380867955,-0.0196447863811179,-0.0147137803302119,-0.00966110574815662,-0.00389401986550921,0.000149218754921805,0.00214533809144114,0.0026155591327856,0.00141838462537127,0.000400687293147197,1.34691708885374e-05,-7.46611907495024e-05,-7.66353534429777e-05,-3.37861512276544e-05,-2.51143268486662e-05,-1.53027601228793e-05,-4.06984519745406e-05
"1950",3.78962076602156e-09,2.14563192504717e-05,0.000382857389710356,0.00244656634197884,0.00682470047543473,0.0139143426652228,0.0210790332570117,0.0303744066039292,0.0418590389602863,0.0484614825012176,0.0448556882147696,0.0343548989878425,0.0242721578181158,0.00751631889217902,-0.0102887614427844,-0.0188973469436778,-0.0266379097347945,-0.0216139414594059,-0.0253530786057821,-0.0199387411488255,-0.0284381774691773,-0.0252105853768262,-0.0244058140295128,-0.0216809601722248,-0.0208012023386694,-0.0187644896623711,-0.0186199165638289,-0.0162491428140343,-0.0137487317975901,-0.00899118996110244,-0.00557447134247234,-0.000698269730250216,0.00256547591480669,0.00389005815482525,0.00379152411375119,0.00210675301078792,0.000743033697673242,5.55826727955018e-05,-0.000173198609061083,-8.52228139946558e-05,-3.26645332903195e-05,-1.96841166721896e-05,-1.06527913322366e-05,-2.0444929977221e-05
"1951",-4.06087249026988e-07,1.50471503663062e-05,0.000322197872416002,0.00217018991112454,0.00611032077343992,0.0125103599877153,0.0175981939286186,0.0212831558311195,0.0271116565016007,0.0224653652282072,0.0114696652955428,-0.00338848540189779,-0.0120087288139504,-0.0248384640464381,-0.0396652184093285,-0.0455452469142441,-0.0494819787808127,-0.0440075763052926,-0.0467808241854016,-0.046126148067194,-0.0425934997535047,-0.0413696320288466,-0.0374986667429127,-0.0318336631537402,-0.0295464317337769,-0.0263713333878089,-0.0241754841845973,-0.0202401127321847,-0.0174485094051131,-0.0122344348368584,-0.00783285836469739,-0.00333320342259818,-0.000121604323588645,0.00159568376938049,0.00188601799077695,0.00111305567859529,0.000369966739643076,2.54643530040559e-05,-0.00014363221635353,-7.63943077743561e-05,-2.2431568440585e-05,-1.49190595938093e-05,-8.3030628742438e-06,-1.28806642112665e-05
"1952",-3.98468175145027e-07,1.42065456393424e-05,0.000361434832382554,0.00219863280886405,0.00591807085060757,0.0117066605863048,0.01705112529189,0.0219459434299042,0.0312035451578489,0.0274920873271602,0.0154177959726982,0.00154112534439799,-0.00791328012955003,-0.0199968864715933,-0.0366663551854324,-0.0432985530155211,-0.0495435680261131,-0.0450737410245925,-0.0491101773242609,-0.0469111362590605,-0.0497616557598503,-0.0412898801763301,-0.0404548772928459,-0.0324922980116394,-0.0296656910926166,-0.0268581775257096,-0.0241127097595588,-0.0200229734913345,-0.016887535850999,-0.0120874288100867,-0.00811859619800656,-0.00334825244341557,-0.000502140547403697,0.000953603805593237,0.00140730980153425,0.000827389948130494,0.000249239399738371,-5.29127195948195e-05,-0.00019087163837712,-0.000114549224199629,-3.49179704151281e-05,-1.09624935812896e-05,-5.74715152183203e-06,-1.14825407792878e-05
"1953",-2.34238396302936e-07,7.76999225035875e-06,0.000355247424794263,0.00217148534258848,0.00656669566298064,0.0138086567966714,0.0194707835266636,0.0248116561618904,0.0354080509082911,0.0291951246013114,0.0143513212621234,-0.0028920300705991,-0.010019037513434,-0.0214130691886024,-0.0352449099482203,-0.0435968371121695,-0.0488773203920408,-0.0477757375685629,-0.0492347266863874,-0.0470709827847917,-0.04873717877338,-0.0448173378221865,-0.0372965791239179,-0.0330234069321603,-0.029427368751228,-0.0258240374266415,-0.0228494602386522,-0.0177832193778754,-0.0146982415980645,-0.0100020751406788,-0.00653653238501552,-0.00278029376124987,5.09004415644096e-05,0.001285323929231,0.0015281022076935,0.000820634473483929,0.000278028719276336,-4.01646083962289e-08,-0.000135576788119988,-8.55156004319193e-05,-3.33267781204037e-05,-1.54047732679524e-05,-7.50237505871605e-06,-1.39611197932545e-05
"1954",-7.02291990793629e-07,-3.12388389270307e-06,0.000357952507086722,0.0023886687605863,0.00780046344877067,0.0184449706142638,0.0282897614319388,0.0320424249425328,0.0396247374010412,0.028411707140158,0.0105895254889098,-0.00782667911983378,-0.0156587825145642,-0.0223687537979802,-0.0358136606862887,-0.0439250920553665,-0.0484038188428793,-0.0471895647499395,-0.0498381185511442,-0.0467778971593587,-0.0475599813893878,-0.0428805630296254,-0.0394671871853667,-0.0313784789449421,-0.0305278286718119,-0.0262134200917635,-0.0238347560990249,-0.0196887123480308,-0.0156194116805682,-0.0110745722356047,-0.0074901079817792,-0.00386950850445003,-0.00122167707405949,0.000378803912024012,0.00085553603145889,0.000545377293650758,0.000191027468938472,-7.59383012904723e-06,-9.02904112370623e-05,-6.48409090369982e-05,-2.13136015017847e-05,-1.27088743128888e-05,-5.46715389675541e-06,-8.90157369345929e-06
"1955",-1.30707510701988e-06,1.74786444993246e-06,0.000314920904381415,0.00214157633791736,0.00712059085610746,0.0170491745047003,0.0290553251286692,0.0366057994911035,0.0432984464643262,0.0369649502929727,0.0199152817285808,0.00167332388126706,-0.00986096092033872,-0.0213052003118454,-0.0349651884580384,-0.044313883077743,-0.0508310220298195,-0.0492719728817244,-0.0522255172146542,-0.0501657444845929,-0.0499395756039431,-0.0439276041157006,-0.0383420640465645,-0.0358831374934357,-0.0295921014808629,-0.0273214957964936,-0.0244484970216744,-0.0203591879336333,-0.0158204787208062,-0.0107038753229159,-0.00758415278108613,-0.00373646868911661,-0.00117610978722023,0.000329583289441609,0.000965414150560046,0.000617115877131517,0.000210515305595227,-1.02403921614278e-05,-0.000122861442339284,-7.7315043427285e-05,-2.21066550661916e-05,-6.9378396460935e-06,-7.05932907414453e-06,-8.51136310802364e-06
"1956",-9.50740010552401e-07,7.76624387671797e-06,0.000590153058586574,0.00311670315008071,0.00926921452837804,0.0199836783571231,0.0306558127533357,0.0399551084982504,0.0487793345239816,0.0420848313034929,0.0265527253867735,0.00660706080342549,-0.0061556063335978,-0.0199957465365461,-0.0356255122831675,-0.042568912817302,-0.0496217126547543,-0.0469065850329284,-0.0476017215412955,-0.0462845901923718,-0.0470277438730663,-0.0403931810795199,-0.0349706679133006,-0.0335300005243156,-0.0305960231535151,-0.0253045545279543,-0.0245021949312623,-0.0185691884812807,-0.0137189974726216,-0.00910907121564202,-0.00611182271018016,-0.00294859040751408,-0.000734703852791408,0.000580703520051189,0.00101087164797849,0.000686845766422905,0.000291934701388404,9.05176610484004e-05,-5.68521468296079e-06,-1.49978646609836e-05,-6.88385297824148e-06,-2.94855405626316e-06,-2.92675729525625e-06,-3.74711430383921e-06
"1957",-8.97389200469279e-07,8.74354119582022e-06,0.000502455959427435,0.0029915743233666,0.00973604424925851,0.0212697523315164,0.0335565869670552,0.0425324143841238,0.0506841074881728,0.0419070296778369,0.021710588047179,0.000967149208916107,-0.0145684320383168,-0.0298526115939278,-0.0458242599650979,-0.054217054144022,-0.0572446152567733,-0.0557030806283921,-0.055022940395464,-0.0515394226665411,-0.0507589510673555,-0.0462641395807557,-0.040347835269811,-0.0379214066701538,-0.0334887209774722,-0.0299140566770762,-0.025892004600328,-0.0223125889664873,-0.0162886817114451,-0.0112167475362947,-0.00771457899865374,-0.00405551268400442,-0.00147443955173891,-5.64496628008481e-05,0.00060373683321715,0.000427896963724724,0.000215640446485039,5.02710255334216e-05,-2.0652984993754e-05,-2.53694926189791e-05,-9.07931956951641e-06,-2.62509479983997e-06,-4.11081966063599e-06,-5.98490072397777e-06
"1958",-2.42776778823569e-06,3.61018216788099e-06,0.000568561571988488,0.00292535281523813,0.00974680893611144,0.0225327123717501,0.0363465332013929,0.0448111312825548,0.0489968108292091,0.03988133926916,0.0174452598888907,-0.00580196956313034,-0.0186805764204647,-0.034888252968724,-0.0501443127126784,-0.0578995969902308,-0.0600202903196787,-0.0558289561980413,-0.0540692652005846,-0.0502096432014266,-0.0489726234969097,-0.0447976452836322,-0.042022638311461,-0.0391604421642856,-0.034916011702831,-0.0301780939570613,-0.0269620324126824,-0.0206379159535566,-0.0153548476699901,-0.0101685964079065,-0.00696127298735968,-0.00363992388301413,-0.00146881942182877,-0.000203335982921924,0.000452440676159931,0.000329307107484015,0.000154254098338546,4.61986257001024e-05,-1.75210932911536e-05,-1.80840638352617e-05,-8.46271803116063e-06,-4.0114403191298e-06,-2.97494401918948e-06,-5.20225242290223e-06
"1959",-3.59758226164429e-07,3.07490472949631e-05,0.000815069040802622,0.00402388919456465,0.0138776600659811,0.0333148653765259,0.0534705567802033,0.0633087262602903,0.0572417419181917,0.0428204548258759,0.0161060560649397,-0.00795772210019507,-0.0220855376822251,-0.0346310830577968,-0.0492349185059139,-0.0570859700234854,-0.0604105770647626,-0.0581014332654064,-0.0583908332517945,-0.0526356935059137,-0.0519425800392935,-0.0456522362826224,-0.0422012041693128,-0.0398280041891166,-0.0344250441338239,-0.0304341463357367,-0.0269989909892155,-0.0224189889275901,-0.0174556109629062,-0.0129084674168283,-0.00886403357799212,-0.00484323579691362,-0.00224382039033431,-0.000579830430463771,0.000323597494178188,0.000212187573567705,5.24175605608407e-05,-9.95732799480926e-05,-6.53599107449534e-05,-5.26980912683156e-05,-3.69680881963308e-05,-3.5665105943488e-05,-3.99302870202194e-05,-0.000121761837409846
"1960",-6.48580595063451e-07,1.92664880856839e-05,0.000701578341246186,0.00327376730024596,0.011525214324962,0.0341864170773852,0.0584872769359761,0.0760642036097232,0.071375254942434,0.0495867674112386,0.0270984114864852,-0.00299245516284133,-0.0206875399772373,-0.0402359560018313,-0.0450710533176031,-0.0510621473672261,-0.0554598598133351,-0.052589093415894,-0.0574561795870765,-0.0492242653901002,-0.0508302311205732,-0.0442664616846707,-0.0414487673935537,-0.0403763973767063,-0.0336276404662656,-0.0313285753545193,-0.0266413229389935,-0.0211955207693782,-0.0163504862734786,-0.0110817004915855,-0.00870073393123863,-0.00422870937956027,-0.00266158118528355,-0.00141802152362243,-0.000717231443369026,-5.71144786563038e-05,-6.87515985485494e-05,0.000240081200966498,0.000267207748341361,0.000136862040615608,1.81495666002365e-05,-2.53165749313327e-05,-4.01042059796302e-05,-0.000119126641176449
"1961",-8.88481053556458e-07,7.76285917326914e-06,0.000585246637496566,0.00351562407034708,0.0128129393341643,0.0306269895287592,0.0529810367559859,0.0692457784514421,0.0626397937192414,0.0453222683901742,0.0163133848152202,-0.00125521626768499,-0.0224487356206872,-0.0324483958682893,-0.0474088590719703,-0.0476833285995605,-0.0554136116737917,-0.0525909935069815,-0.0534363918139834,-0.0501613338963968,-0.0458447714819393,-0.0433602201621736,-0.0404211756399093,-0.0362428314831647,-0.0337894613147859,-0.0292428941556198,-0.0247251661625234,-0.0208522669859491,-0.0168365679308726,-0.0121707062594145,-0.00840143729010762,-0.00469054441858102,-0.00238227221677594,-0.00126270210827154,-0.000496321451592049,-0.000193479720153677,0.000195201043280931,8.45780871455507e-05,0.000281559169534513,0.000193404223430645,5.24808532033513e-05,-7.39365108165506e-06,-2.38961127047507e-05,-7.77307506639626e-05
"1962",2.51276234786925e-07,1.94579203762019e-05,0.000547012430306539,0.00263307625652229,0.00887301394741251,0.0287654349122884,0.0471873035942663,0.0655103954373266,0.0655205583120682,0.0435545938485748,0.0190073365433364,-0.00572067587316882,-0.0231923798784995,-0.0350839328929708,-0.0491565497304832,-0.053641605356443,-0.0541972618653183,-0.0528253962374901,-0.0548097683671655,-0.0462161876998978,-0.048464920620593,-0.0402982672591666,-0.0380780113894377,-0.0338516383046945,-0.029840280157886,-0.0280866468354875,-0.0239692988482526,-0.0196154848089429,-0.0160450369047928,-0.0104696707455293,-0.00835834665235328,-0.00495866075719788,-0.00195380716918653,-0.000628699322435803,-0.000383022084453081,-0.000119608727436068,0.000229425115181578,0.000105397336445452,0.000222490729399475,0.000142412145176302,3.68804326282618e-05,-7.15088139273375e-06,-2.35233276508424e-05,-7.30579298119651e-05
"1963",-4.64401565726811e-07,2.16758559566527e-05,0.000761273479854186,0.00316160480032064,0.0087686807628662,0.0243787159425009,0.0491132460750504,0.061768786544922,0.0640446054933583,0.0453016348247771,0.0196859789121572,-0.00707613369368368,-0.0264644281204389,-0.0370694402926147,-0.0453852892101308,-0.0507823665701878,-0.0592988261470288,-0.0549707961685537,-0.0548038064691554,-0.051110828701819,-0.0468316923611748,-0.0445456479814233,-0.0403195902992686,-0.0356386512711031,-0.0314939371722472,-0.0265923100147183,-0.0236782398560097,-0.0189227165634718,-0.0161420580513547,-0.0112057942303593,-0.00781059865598956,-0.00490663806939295,-0.00262129669894783,-0.000990941261570296,-0.000704475499489726,2.40619873480239e-05,-4.13246206215237e-05,1.32815657987564e-05,0.000219340509523805,0.000175290626688557,5.18581645351469e-05,-1.68080665574921e-06,-1.66339966575067e-05,-5.32558812454476e-05
"1964",-1.83749894464973e-07,3.02800986390031e-05,0.000789503474236632,0.00340017999949948,0.0111039772644761,0.0238794472143147,0.049933843177143,0.0675733335479907,0.0677091267628257,0.051878124174073,0.0232460537254462,-0.00382546693428143,-0.0242394678530914,-0.0408930788369892,-0.0488188372823387,-0.0544427464884344,-0.0597611227235763,-0.0612521377691389,-0.0582061171875146,-0.052888070225214,-0.0496065620707831,-0.0444651292292983,-0.0405761224203379,-0.0357767895578804,-0.0320217703070257,-0.0266906088776229,-0.0239072517330927,-0.0196833943880265,-0.0161270309677155,-0.0110407774233538,-0.00838338270782596,-0.00500700022025551,-0.00230042352370408,-0.00107328436728745,-0.000212886835967433,-8.45551953938082e-05,0.000149742403107698,-1.74222831440555e-05,0.000102700308784927,8.13361660413597e-05,2.64309460147467e-05,-3.66900967728029e-06,-1.34490939114264e-05,-6.01091481979083e-05
"1965",-9.65025929428533e-08,4.11436969968396e-05,0.00110629051565968,0.00477767617480618,0.0122250968825466,0.0272042638580456,0.0410663654633924,0.060020126807674,0.0646067869699053,0.0445853001662395,0.0205313001562376,-0.00300999853347769,-0.0285649512332037,-0.039759618944332,-0.0484189126676787,-0.051914424169743,-0.057655793583944,-0.0569165995374066,-0.0598012325591964,-0.0520432603856781,-0.0492296983854497,-0.0444967150697127,-0.0398554029024618,-0.036552514410563,-0.0296188249011337,-0.0256039262811596,-0.0218766289911268,-0.0173829800319856,-0.015211136324396,-0.0107382574479647,-0.00780999196921936,-0.00492533388803324,-0.00293398257133798,-0.00138146398481885,-0.000551426586886478,-7.12407190356115e-05,8.56120653372591e-06,-5.43330290627263e-05,0.000147005838749621,0.000141109825909342,4.9045899083411e-05,3.50456636052821e-06,-1.13350321732535e-05,-3.87449439898925e-05
"1966",1.32647415358371e-07,3.22545380525804e-05,0.000951785119683921,0.00446416847373351,0.0117403110425695,0.0257439708216795,0.04158159490071,0.0516178447591647,0.0656765751986491,0.0500909598957308,0.022743852902027,-0.00552393149278549,-0.0194064905585049,-0.0342693685348448,-0.0424984265064907,-0.0424766302830738,-0.0493277196411799,-0.0504722096256545,-0.0517246793530565,-0.0474923283375278,-0.0468050145648151,-0.0434283864566821,-0.0387489473021244,-0.0326990398754631,-0.0310571520009884,-0.0248830048437891,-0.0228691638766239,-0.0167435819274323,-0.0142870241765242,-0.0103847409970223,-0.00771224721963796,-0.00508431085058704,-0.00281674332621459,-0.00149595463664967,-0.000398515753134332,-7.92757114399165e-05,0.000105040968805228,-4.92287436824029e-05,0.000133861272743387,0.000125359832634197,4.53676015054999e-05,6.24113035552455e-06,-7.55082823718477e-06,-2.60883585354305e-05
"1967",-2.37347607296651e-07,3.43018868347808e-05,0.00101478985571264,0.00479102242406804,0.0105898060358526,0.0269300753709033,0.0436955378090566,0.0607151208193643,0.0648741557090819,0.0533961868832295,0.0252815533799143,-0.0052060474882773,-0.0249457959474818,-0.0396271466317586,-0.0469945801222783,-0.0520642753391318,-0.0553458210217509,-0.0531902461456682,-0.0529853764540243,-0.0498791464980841,-0.048604028013495,-0.0420307187391733,-0.0394655890480686,-0.0334981140441129,-0.028609434916466,-0.0248234995783137,-0.0211424849495227,-0.0171717722133268,-0.0131949956334586,-0.00905053927728982,-0.00686675206713091,-0.00479706131630538,-0.0026552380030541,-0.00133845538074833,-0.000206939858435644,-0.000418647877642883,-9.79738253689109e-05,-0.000102419121777846,9.20108378327098e-06,4.00038853080521e-05,2.44552644792665e-05,2.40522480904162e-06,-8.34737115473382e-06,-3.73164610292868e-05
"1968",-3.38296731094124e-05,-0.000120195695146938,0.00123807040460285,0.00578992262087784,0.0143064748644641,0.0270239782489509,0.0528643257268856,0.0745766823476291,0.086880674047538,0.067277669014905,0.0526997039338325,0.0265049684872883,-0.000334964285587658,-0.0178650932609643,-0.0272872826324238,-0.0304654999642408,-0.0343236220332931,-0.0358731366966567,-0.0398535755151213,-0.0384179444960461,-0.0389244042113131,-0.0369261182623224,-0.0324841265110805,-0.0300189522872776,-0.0252785444331509,-0.0221317013095308,-0.0193009308120032,-0.0148321619534005,-0.0122132920453005,-0.00812144093323734,-0.00599382915916336,-0.00390153484160241,-0.00221434403349706,-0.00124336545288544,-0.000569027609642234,-0.000191314323945478,3.07291013557659e-05,1.44157677565372e-06,4.96808121334596e-05,3.5673113880382e-05,1.58339851814622e-05,1.13588228055455e-06,-5.36166933284029e-06,-2.02917845009901e-05
"1969",-4.34797018578748e-05,-5.91359889258008e-05,0.00147355635198873,0.00436986914982139,0.0146402871824003,0.0269602812907152,0.0482132585943173,0.0703432794381875,0.0832418706862158,0.0769448948494364,0.0423969954992781,0.0265568915627506,0.00218905654035723,-0.0183199433276982,-0.0274041780714113,-0.0252921147368676,-0.0312075245570051,-0.032349009995698,-0.034401149895365,-0.0327189344271492,-0.034317126598303,-0.0318697541725898,-0.0317500792306801,-0.0286482103252775,-0.0244762783071573,-0.0204117647406039,-0.0168410934602951,-0.0140991534744291,-0.0115196890329882,-0.0084154564953199,-0.00582354790163231,-0.00359149518221027,-0.00217329989692218,-0.00086951804399685,-0.000340620880415081,-9.78729490086221e-05,-6.83350621501188e-05,1.90616713019126e-05,0.000119135561471093,8.54366461494198e-05,3.40213414946236e-05,8.01697625310264e-06,-1.97579126531557e-06,-1.5114515152298e-05
"1970",-8.07230874383999e-05,-8.08266417474588e-05,0.00154780135615667,0.00469409778908932,0.0125774635768807,0.0262527599277492,0.0408393456743509,0.0643184188293475,0.081964867761688,0.0672844651813431,0.0440321025751017,0.0159326461676603,0.000631741417438464,-0.0206080344146519,-0.0354933439399669,-0.036677635601966,-0.0399069940297954,-0.0360653623070383,-0.034160696437402,-0.0342314392411269,-0.0329101471807132,-0.0293093204032739,-0.0292756358173397,-0.0266562807521358,-0.0233380803933143,-0.020218292152769,-0.0172185127315006,-0.0135498823702013,-0.0105977511554525,-0.00782938577581677,-0.00561842227331066,-0.00359878190170423,-0.00208440303428011,-0.000898955095817832,-0.000529683525919,-0.000128488772696558,-0.000129954823665789,-9.3764221076791e-05,9.18259345067252e-07,2.30209264307016e-05,1.40447007366707e-05,4.75416259678953e-06,-6.66800410148943e-07,-7.80712210404e-06
"1971",-3.87047403446043e-05,-6.92623245365997e-05,0.00173932787553533,0.00487757160187888,0.0135623705054502,0.0245144518388899,0.0410431500529167,0.060946345383426,0.0784620052828234,0.0701813617072678,0.0465301230902148,0.0190206646906341,-0.00494102881544861,-0.0209742575213858,-0.0347942784502503,-0.0467781575888012,-0.0442183742119697,-0.0431216360173515,-0.039040086678011,-0.0338170404254471,-0.0339081906094084,-0.0304084018730152,-0.027551706302405,-0.0253370104815079,-0.0235105995637149,-0.0190243182782427,-0.0164236193712115,-0.0130745390508037,-0.0102503076594298,-0.00770835877207546,-0.00487175462287671,-0.00331798982890993,-0.00159230383113039,-0.000737569655628132,-0.00029807891677777,-0.00013927930720066,3.81219149771171e-06,-4.60117945475201e-05,3.92265645883349e-05,4.95900069105451e-05,2.39437115369177e-05,6.30867044652825e-06,-1.51379701290175e-07,-6.53136128101637e-06
"1972",-3.45972920883865e-05,-8.82680100195488e-05,0.00161945225253626,0.0044157431217698,0.012025673187014,0.0210776404647814,0.039376060536665,0.0658479910988923,0.0803627541928568,0.0702969224615993,0.0540662789540596,0.015868370417451,0.00125805656258646,-0.0235474664402399,-0.0288238541251327,-0.0397686629642965,-0.0428261561201725,-0.0411402198103595,-0.0381449768988599,-0.034365378700786,-0.0308330447162729,-0.0274298418721092,-0.0251706444620849,-0.0226988088505887,-0.020626456550336,-0.0180754654829571,-0.0151027004000075,-0.0123102061073389,-0.00934224119129245,-0.00643900418026929,-0.00480456930751829,-0.00289371934523665,-0.00175468482621656,-0.00064814399130162,-0.000395027670796578,-0.000268645124689477,-0.000132938324444886,-5.72777176862052e-05,8.35809822223192e-06,2.29454759220794e-05,1.12713844834598e-05,2.99717416553248e-06,-2.20504286755838e-06,-1.08284956975183e-05
"1973",-4.31444676873999e-05,-8.32747255328808e-05,0.00186581652801632,0.00566829916083802,0.0131083040134073,0.0245025341927858,0.0447977089249393,0.0781052036714433,0.0969522954570172,0.0893244153946032,0.0672216619109769,0.0438550631712905,0.0168108805588871,-0.00464799312402139,-0.0230280171139448,-0.0238867801304029,-0.0339173366421187,-0.0344692556126691,-0.0325800326955952,-0.0297332805308176,-0.0259422481895812,-0.0257622740831076,-0.0219084398661041,-0.0178864775904833,-0.017082118746231,-0.015106293092181,-0.0129485265540871,-0.00998058146348167,-0.00846938271885324,-0.00590332336489357,-0.00396489706175878,-0.00258186788179349,-0.00142800770085667,-0.000670740466580528,-0.000302778400259564,-0.000164925569357778,-3.78027722855873e-05,-2.89152924459828e-05,1.33940548789151e-05,2.02270745223643e-05,1.30932879572043e-05,4.18386200537208e-06,-1.05444679471697e-06,-1.0375905329511e-05
"1974",-4.12738230579897e-05,-6.22248217285482e-05,0.00195559450604975,0.00617344460497493,0.014849061339439,0.025782628914551,0.0455778318559953,0.0800691472477927,0.105113529373644,0.0948465928089201,0.0809457852643282,0.0596514097497012,0.0330993400242354,0.0101268677596609,-0.00434464630134621,-0.0174991108011038,-0.0194855566799107,-0.0243088418598067,-0.0247733458377457,-0.021240369495309,-0.0217764058527729,-0.0187398231106581,-0.0174273480732546,-0.0150960506630075,-0.0139618937933909,-0.0120120994287805,-0.0110194737986722,-0.00868787665617743,-0.00738557417434667,-0.00552771571119483,-0.00356025321849574,-0.00253110536526485,-0.00137716491726874,-0.000766241003209286,-0.000350244739452248,-0.00016608783532127,-5.00308743592198e-05,-4.81308088047599e-05,-2.84988474079645e-06,9.87830736990399e-06,8.56235789617785e-06,4.53637254388058e-06,6.4711948288909e-07,-3.14982747607457e-06
"1975",-3.72601480721572e-05,-5.85550624316304e-05,0.00207952576495098,0.00604549746958361,0.0170946411785591,0.0281174195530459,0.0475740846914153,0.0827343382721206,0.100558545937803,0.0971540987075185,0.078211295653562,0.0540900191657916,0.0307123709837634,0.0103416754471227,-0.00812028144351412,-0.016464275160738,-0.0233638570506984,-0.0217799456628187,-0.0234270304471547,-0.0206930176454917,-0.0172494983906315,-0.0170824391386055,-0.0154488229472271,-0.0148527650847791,-0.0117990459087798,-0.0103395414494746,-0.00929866698432901,-0.00803029062970736,-0.00651381440550825,-0.00442447214834017,-0.00312617686363061,-0.00213738149304521,-0.00133180552388102,-0.00058299342968068,-0.000263254733638841,-0.000150749946154887,-4.86708509423564e-05,-4.9968884545117e-05,3.71160584755748e-06,2.14078406654753e-05,1.30974050512446e-05,5.0441112040046e-06,-1.54689984349373e-06,-5.5568336477391e-06
"1976",-4.1148271222658e-05,3.98168795225675e-06,0.00259966086676489,0.00649872626477233,0.0178164424076643,0.0304743403353808,0.0557640927471985,0.0933983728841286,0.110343829886979,0.104084419451832,0.0840450441901909,0.0529910827497138,0.0293110121853845,0.00537246394353061,-0.00636315218478264,-0.0216551505913681,-0.025544180367668,-0.0264742933055432,-0.0245629993935359,-0.0224191008450709,-0.0188124665614294,-0.0171039619131347,-0.0163272623334924,-0.01177739685426,-0.0107737391787693,-0.0100208583127702,-0.00767490155157527,-0.00634341553923167,-0.00556116697768779,-0.00387064973014578,-0.00318052675077028,-0.00206956834347788,-0.00108741885099482,-0.000357676994585186,-0.000344244005135447,-0.000178969197415088,-7.20448573037256e-05,-5.71621203021281e-05,-1.07433891754008e-05,1.91742279936971e-05,1.68822493864475e-05,6.19726237476044e-06,-3.20331837583847e-07,-5.05168627403799e-06
"1977",-3.39401725308017e-05,4.95864370293468e-06,0.00260136315925604,0.00669828863843919,0.0176970195413168,0.0313557691361177,0.0570141353489712,0.0998168119800648,0.120776357128711,0.107562547562526,0.0828952019852396,0.0559359789981096,0.0263177687778762,0.00223328340329751,-0.0133955429306246,-0.0216293925004213,-0.0319739156053326,-0.0296925655633621,-0.0280401102755698,-0.0253538319760635,-0.0225150736578904,-0.0185343433673019,-0.0145065990019877,-0.0126987173261656,-0.0108299957560881,-0.00807142736063713,-0.00748968962298888,-0.00590465443579797,-0.00514012691305112,-0.00327121625658376,-0.00311232080781621,-0.00157952958436413,-0.000989500762591215,-0.000513086401068521,-0.000303416978163976,-0.000109297362219602,-0.000110925185161259,-4.06217679104806e-05,2.0016535715277e-05,3.8079098899553e-05,2.25823814101599e-05,9.27322787846149e-06,1.27224746312751e-06,-2.03634533491808e-06
"1978",-3.53886973864441e-07,0.000324814953271095,0.00187285562363294,0.00821481667893122,0.0171496904199078,0.0302821321757465,0.057249030621355,0.101690150096387,0.117349880108629,0.107910636695027,0.0838898481807367,0.0559509951310316,0.0264690381933701,0.00381315693386064,-0.0178475613536761,-0.0302603452460076,-0.0329121746876658,-0.0354346309789395,-0.0322326248213039,-0.0298681295673228,-0.0233281562511579,-0.0205919152475911,-0.0164534381524598,-0.0132979752232168,-0.0107728578318254,-0.00858366212848136,-0.00679748667354658,-0.00569564081982163,-0.00485820409118922,-0.00338781151769734,-0.00241370554593853,-0.00182494170669418,-0.00074033460652579,-0.000519142496085925,-0.000321746086382967,-0.000204288326379075,-5.45995344885093e-05,-1.44081416430618e-05,8.30177741684865e-06,1.58553206930803e-05,7.89593010272994e-06,3.56032050210939e-06,2.23529725251687e-07,-2.91084654939114e-06
"1979",1.7016352404305e-05,0.000393001557071174,0.00297493760400304,0.00892315769612518,0.0205108844170119,0.0326912485822752,0.0618791227785343,0.103534000231901,0.120860042299801,0.108895106026719,0.0881634962857564,0.0581543525363901,0.0258852976010873,0.00241910122934577,-0.0179480454557117,-0.0304649627898899,-0.036643928624075,-0.0367913399078291,-0.0366282091879661,-0.0286354036708835,-0.0270980513923187,-0.0214518695126673,-0.0181270354014002,-0.0152443748740836,-0.0111808748441489,-0.00887821871295945,-0.00617726069049131,-0.00478448736274558,-0.00444878380146424,-0.00258303567007964,-0.00234367355892841,-0.00113603088913195,-0.000735716260058629,-0.000486581782654644,-0.000230223126171856,-5.76812202332016e-05,-1.45012529944938e-05,-3.21676357638522e-05,4.52435098047783e-05,5.96335158631599e-05,2.95310791510149e-05,1.07660835420655e-05,-7.21760706532314e-07,-1.41329382390599e-05
"1980",4.56649666912015e-05,0.000406182528197637,0.00256154686959551,0.00912435196469433,0.0212087290817852,0.0322212008281155,0.0592158109603834,0.10156387547829,0.110248867466958,0.101012939698782,0.0791862280691713,0.0452093209554325,0.0207016791754049,-0.00559515316974854,-0.0236231429348311,-0.0369443796190366,-0.0403551215424331,-0.0426895562056317,-0.0401473275191732,-0.0356130465036401,-0.0283038006477658,-0.0255583450825386,-0.0205498543292549,-0.0158932612519853,-0.0129602829889406,-0.00907985186062276,-0.00750858570971474,-0.00460369428379311,-0.00406394960550604,-0.00253898667433382,-0.00178320614646516,-0.00123754657573408,-0.000729623619865842,-0.000526124165084466,-0.000274975761278531,-5.58935003780893e-05,-2.56737009454764e-05,-5.00245458777766e-05,-7.00116595833008e-07,2.24579634393795e-05,1.63055793786132e-05,5.68256532096393e-06,4.14002864056133e-07,-3.01072434709759e-06
"1981",-3.46255147396701e-06,0.000380227621008905,0.00262034367875279,0.00848574254990518,0.020430662493681,0.0350231451228991,0.0604605630856024,0.0950049469229122,0.108100104636612,0.0990513133931696,0.0751109160937905,0.0478701846644221,0.0223775323060675,-0.00564862074029532,-0.0244546924771895,-0.0379769401149314,-0.0450739593781391,-0.0439696731142837,-0.0414279921936106,-0.0353197474715541,-0.0308692238246886,-0.0235422798346844,-0.020668550915232,-0.0164141638739969,-0.0138644998936165,-0.00877823672193502,-0.00652486196395587,-0.00406998318695267,-0.00408152197045133,-0.00226555011491675,-0.00190668747501341,-0.00117180268712973,-0.000733914537093649,-0.000422839812634475,-0.000225770223068533,-0.000186833760088658,-5.10955674331052e-05,-2.74174962573999e-05,-1.22515977070457e-06,5.8565809540275e-06,5.36080809858066e-06,3.28448870383971e-06,-5.5126316817356e-07,-9.19497505635352e-07
"1982",8.18530642738995e-06,0.000587928759173018,0.00428600306306915,0.0128454067430761,0.0234223520129141,0.0384916227335624,0.0683603729962857,0.104785836647807,0.110279006001861,0.094782251095275,0.0716321548905611,0.0453927758455939,0.0209336870268098,-0.00166382213953856,-0.0237868230736258,-0.0359492363761616,-0.0432476582526198,-0.0452963951840315,-0.0426393281105661,-0.0376806256773782,-0.0321984123995385,-0.0268148488652047,-0.0211402128629805,-0.0181444566015931,-0.0134057389131831,-0.00991410246589007,-0.00764132246265016,-0.00542525061871277,-0.00380286559384925,-0.0026120138406022,-0.00180704347451297,-0.00107351286445834,-0.000848617890589422,-0.000352664964051389,-0.000173656169227362,-7.18258592857528e-05,-6.3425165820903e-05,-2.59411142779704e-05,3.28843588692742e-06,9.75757126344561e-06,6.66240819989823e-06,4.82504172792825e-06,-2.67706110248981e-07,-2.98002596238136e-06
"1983",-2.25325252456825e-06,0.000557380194652751,0.00379881147544952,0.010771205210411,0.0241321167813266,0.0373747833145838,0.067639377663319,0.105981217103234,0.110288567246004,0.0960440580615953,0.0692205311541867,0.0475320181017876,0.0226028610756533,-0.00126114061063759,-0.0198340057318595,-0.0352764790794669,-0.0420308500399815,-0.0431214746853575,-0.0411793725752581,-0.0375930477786823,-0.0325518323597864,-0.0273356226816759,-0.0223330012214083,-0.0175012645430965,-0.0139441626787095,-0.0107394627801491,-0.00786134950019431,-0.00540717372169458,-0.00354068042707718,-0.00242229838193437,-0.00183146099742745,-0.00102434829763863,-0.000626792689428984,-0.000341776850697026,-0.000271468118215831,-7.03980229850155e-05,-8.53261223140109e-05,-3.98017736472634e-05,2.89758467647653e-07,1.60929232536148e-05,9.36784420654559e-06,4.22710428238234e-06,-1.55067479733585e-06,-3.26499799742383e-06
"1984",5.64834596938355e-05,0.000453066041761701,0.00370305245862698,0.0111082004873551,0.0227398802921654,0.0378080087474636,0.0674574252323032,0.109998805453535,0.117901388931491,0.0965973754259412,0.07334284769274,0.0470631880165228,0.0220813015654097,-0.00037730211195186,-0.0163833022622944,-0.0322541661981169,-0.0409759598067827,-0.0414073691089979,-0.0394605636210018,-0.0378345798675792,-0.0312481243337509,-0.0287196392767873,-0.0221447109587933,-0.0191070361849695,-0.0141590632542418,-0.0110703041859965,-0.00749302456309992,-0.00551148293227499,-0.00357368407806359,-0.0026087092576979,-0.00161300364550517,-0.00105268139988146,-0.000646777104403656,-0.000283112391101569,-0.000170977940118535,-0.000145950029663014,-6.35594189188676e-05,-1.620433402572e-05,-1.39065297992302e-05,-4.93145723815898e-06,-3.46810369394355e-06,-2.79651598837769e-06,-3.11239110230947e-06,-2.23327785111012e-06
"1985",6.12069370245283e-05,0.000557932722883645,0.00427404339355854,0.0119393019838735,0.0248401389738678,0.038603309115872,0.0694494671235641,0.101938893692602,0.114254439154538,0.0998546001310733,0.0701567467116295,0.0478501999927746,0.0202936061506251,-0.00031549697926353,-0.0212690734966819,-0.0313264238147498,-0.0433489084163312,-0.0416102668755442,-0.0419158135253055,-0.0381666867324177,-0.0332807404687212,-0.0274995994027206,-0.0235046407300653,-0.0197990031171327,-0.0156804665662228,-0.0108019643913105,-0.00816607977658308,-0.0057984524989294,-0.00405251889397254,-0.00242668975680092,-0.00162462828607993,-0.00104148200575305,-0.000455954320348199,-0.00032586386768564,-0.000206326927879082,-8.34328313900526e-05,-5.52083321929095e-05,-2.82425900965297e-05,-1.35655805474946e-05,-5.95159847877107e-06,-3.57312515422758e-06,-1.77448505201166e-06,-2.44793681337006e-06,-1.95765861370117e-06
"1986",9.20741987094158e-05,0.000810830959162299,0.00319525193788217,0.00964071810531234,0.0215869596335374,0.0394725130797227,0.0701948847739396,0.109184843184489,0.120962131449624,0.107094381855337,0.0829254345047793,0.0535660711039044,0.0280430308153318,0.000967255473563466,-0.0190106028059846,-0.0324466481100079,-0.0444817117099763,-0.0429438637873351,-0.0425693973751582,-0.0391766974895099,-0.0358232826650043,-0.0301511083027082,-0.0242611653760086,-0.0216651513354251,-0.0150397316494121,-0.0115264185340816,-0.00812506393193198,-0.00592424255315355,-0.00388676838265145,-0.00257030779489853,-0.00169144820094676,-0.000913969925873186,-0.000488700414504202,-0.000257695443320266,-0.000135606967042111,-3.9658122736098e-05,-2.94738631398021e-05,-4.33007600220648e-05,4.12310468034057e-05,-1.85298713097045e-05,-9.49562217509915e-06,-4.66050949237119e-06,-3.54558165868176e-06,-2.75183996776099e-06
"1987",3.66615015653832e-05,0.00048900202372244,0.00329072436757292,0.00992020876689576,0.0221992276485272,0.0342610224476255,0.0649347166086297,0.103979439500621,0.110992513303215,0.104854165940496,0.0830177021590921,0.055412435267914,0.0251530184429322,0.000586407647003739,-0.0197255993440923,-0.0349437435406414,-0.0449647628483667,-0.0462082876295961,-0.0472176023268625,-0.0430891703452409,-0.0374803660670647,-0.0329255945661818,-0.0276332980696784,-0.0214696506299385,-0.0175109286228878,-0.0132476734511959,-0.00979220010729432,-0.00612929844536755,-0.00461265478028399,-0.00270754217810839,-0.00164263538384435,-0.000801021993900029,-0.000462194696611017,-0.000336846127139052,-0.000148093759349541,-0.000123367057547172,-4.80765422851089e-05,-4.61129505800697e-06,-6.41972940229657e-06,-3.96329872311208e-06,3.87994884366127e-07,1.08788892056517e-06,1.90384256791866e-06,-7.49647524131564e-07
"1988",1.98962264843506e-05,0.000536276932129125,0.00335885683896635,0.0108058453093156,0.0212607342901741,0.0329393536043181,0.0580999113804497,0.101261751598446,0.11655081417371,0.106241185397934,0.0877144404738436,0.0588682879412433,0.0301162583556149,0.00240571301768772,-0.0163019366882397,-0.0332245055122105,-0.0470186671710305,-0.0475985114349816,-0.0470500524582367,-0.0455368279247292,-0.040435446041291,-0.0331898390402186,-0.0288901845532253,-0.0235410107911753,-0.0173710340378842,-0.0136824183074394,-0.0105466634640116,-0.00698466403193005,-0.00449841134484378,-0.00293988373147788,-0.00167966164518536,-0.00108048163325301,-0.000723051755584142,-0.000322326539985978,-0.000139794635172147,-7.46015627159041e-05,-2.47570206096177e-05,-3.94592730794432e-05,-2.77599485570319e-05,-1.21507997047512e-05,3.96025510958719e-06,5.80324563727432e-06,1.171127084994e-06,-2.18237753228645e-05
"1989",2.55224560640302e-05,0.000731886025644651,0.00399402336796468,0.0110936344645602,0.0239578776570543,0.0320035258813116,0.0538333573872304,0.0905690307744163,0.104831762642322,0.102812830442013,0.0790219082099884,0.0574107233188421,0.0268853943061028,5.23490740309829e-05,-0.0207811727385123,-0.0356243702831045,-0.0464303220074132,-0.047324694203023,-0.0487586470341067,-0.0466395930545588,-0.0382009469048928,-0.0349949402252548,-0.0290983751187705,-0.0236999363387835,-0.0177690627234737,-0.0136952213582682,-0.0103915077854851,-0.0070093869776917,-0.00486596502032922,-0.00277142305680072,-0.00202379331965586,-0.0012997605475231,-0.000550718474784622,-0.000111954602551109,-0.000209251353382844,-0.000124629799973696,-7.31489449687921e-05,-4.40985676397457e-05,-2.11875818753202e-05,-6.1119690221303e-07,1.70873014070498e-05,1.37281855867691e-05,6.03667425415937e-06,-9.1819416405243e-07
"1990",7.10579994834495e-05,0.000868205354582423,0.00475159361627229,0.0116149147201556,0.0213775380939609,0.0329920907877451,0.0481746352604716,0.0809042692440603,0.0918239630927539,0.0886375224949095,0.0708771084125003,0.0464704631860106,0.0200832002208492,-0.00526288133189218,-0.0256658299362442,-0.0385587523362723,-0.0499543354108963,-0.0528363438186254,-0.0532633201509366,-0.0489609571033152,-0.0427238503147076,-0.0365182792716196,-0.02980704963541,-0.0242339920047405,-0.019813941793138,-0.0140996753317894,-0.0110988637292555,-0.00780482421162815,-0.00515217828895466,-0.00330945970739602,-0.00151231925865147,-0.00114945771526099,-0.000728428785468014,-0.000365381231349168,-0.000122191671852329,-7.79844531751274e-05,-4.48466097310661e-05,-2.11740716528889e-05,-2.04678556469879e-05,-9.46129692559526e-06,-6.49463665259899e-07,1.32835932939714e-06,1.18467866804502e-06,-2.17869386612105e-06
"1991",7.25770218206108e-05,0.00133897911828284,0.00591035728142007,0.0137324492053184,0.0230498652379045,0.0321124020422947,0.0517011993145874,0.0754486363722675,0.0871800620357957,0.0753516885688727,0.0613310449358479,0.0360104084501697,0.0112260909117277,-0.0119172292996736,-0.0298907480020968,-0.0458103630367446,-0.0551151865199383,-0.0575377410024025,-0.0559882997838371,-0.0520160498512874,-0.0454433632491469,-0.0389589114734871,-0.0327981727480215,-0.0258151107127411,-0.0204442090303485,-0.0164439988937085,-0.0117558696094071,-0.00816684432761365,-0.00525435639902093,-0.00357826152829587,-0.00204372531969116,-0.00120221896340293,-0.000587263122417093,-0.000309131320899441,-0.000195565169994735,-6.53438658472157e-05,-4.02428734743215e-05,-3.89317690694083e-05,-1.99557567837654e-05,-8.8725264385487e-06,-8.55326004797609e-07,1.97454454629883e-06,1.48035311373202e-06,-5.52238399265834e-07
"1992",0.000121297895802895,0.0016964238829104,0.00592653897693295,0.0145798446250708,0.0236058442756922,0.0311872290017398,0.0439826317145899,0.0693660080101828,0.0717156549878162,0.0673922197901295,0.0513593880077371,0.0304187196504221,0.0107721265489843,-0.0106403191456402,-0.0320997511056985,-0.0486993087248846,-0.0576586944619405,-0.058751757018454,-0.056869079722583,-0.0537104405609323,-0.0451077850487937,-0.0404380350463304,-0.0336353543516429,-0.0274379455141249,-0.0224149457913992,-0.0162798033075723,-0.0121544737189966,-0.00881210803245093,-0.00558660313364067,-0.00353235481252437,-0.00177900906792077,-0.00125715481709748,-0.000653383227842753,-0.000363385152903197,-0.000151753083167414,-5.00006858397493e-05,-6.10751947436782e-05,-3.41714104338882e-05,-2.22001068632942e-05,-1.51952461711603e-05,-9.13982624533214e-06,-4.09160053847961e-06,-1.51981139839854e-06,-2.56265535791483e-06
"1993",0.000207970758579498,0.00143458924026149,0.00648918272600018,0.0146629912505516,0.0225906473176743,0.0294195141652155,0.0381553433421909,0.0591384274937171,0.0639047031697089,0.0570339199301098,0.0443155615221766,0.0297158295148495,0.0112209645054727,-0.00800482555854894,-0.0295831220471735,-0.0440198989059323,-0.0537161222719738,-0.0584942990824949,-0.0568701994221435,-0.0536408375553144,-0.0467065305173177,-0.0394071737408587,-0.0331994479767929,-0.0274844262947975,-0.0220466365343644,-0.0162001895497676,-0.0116660347078022,-0.00802488264975322,-0.00563653323577995,-0.00338048447261294,-0.00203969456886065,-0.00134547870895489,-0.000620007740573708,-0.000171201981112,-0.000135023575360447,-8.67134720762512e-05,-4.78696999080194e-05,-1.07641819252086e-05,-2.37658757117484e-05,-1.69214265735412e-05,-1.01013934427534e-05,-3.9368361313405e-06,-2.29947096518623e-06,-2.92934644904434e-06
"1994",4.75820041047175e-05,0.00132646642027716,0.00612398263548793,0.0137878838682816,0.0222611805972344,0.0261059614284777,0.0317782800845032,0.0422633870659152,0.0459022787403618,0.0467930647552429,0.0360508519738194,0.0248640562886852,0.0072353429830154,-0.00907698018297225,-0.0255729079239585,-0.0403927946030942,-0.0517960110017584,-0.0568510737168159,-0.0572106956685581,-0.0543362971799282,-0.0471913916881333,-0.0414062944657036,-0.0350248171106059,-0.0277127607547616,-0.0218876371897395,-0.0172434290563208,-0.01280350946996,-0.00931875862040149,-0.00595435870196553,-0.00418890675186116,-0.00238147829689741,-0.00120782711631324,-0.000683655304518312,-0.000357269411384379,-0.000125642681564881,-5.20720426446588e-05,-2.58895205414193e-05,-3.56404322707244e-05,-1.83547484680408e-05,-1.39589563715918e-05,-7.49059769007752e-06,-4.80870466229544e-06,-9.60240631147627e-07,-1.00585576817322e-06
"1995",-2.57539170986732e-06,0.00108880825058498,0.0052141256440662,0.0118458535055666,0.0181441839309344,0.0193784468404492,0.0252936899936338,0.0321794445388873,0.0337357490688057,0.0306913005647197,0.0257387612116856,0.0157360488935591,0.0067626987382359,-0.010511325722468,-0.0263755890402243,-0.0416489798914709,-0.053539008493025,-0.0572267778923996,-0.0590539827977831,-0.0572393798035129,-0.050032759362372,-0.044266148040781,-0.0363751188176067,-0.0296199784337397,-0.0234819361981736,-0.0180247202353341,-0.0132548246773828,-0.00976278229402781,-0.00644677527337405,-0.00398565085333077,-0.00282056796200518,-0.00140633748348361,-0.000798751932831071,-0.000392598342016809,-0.000129320072013172,-6.17015167919879e-05,-5.3926637260084e-05,-1.5219627669095e-05,-1.55980345585935e-05,-2.35063878824604e-06,7.64869199030325e-06,7.74659993338116e-06,4.37390423215458e-06,1.0568205844647e-06
"1996",0.000144997760883312,0.00120101159820474,0.00539217064532618,0.0114188729603644,0.0180300658763793,0.021388662209339,0.0231340393959767,0.0284361758666871,0.0312277937522141,0.0294244986694702,0.025263995393188,0.018382166402186,0.0078816912778643,-0.00634334908941836,-0.0234305922353942,-0.0368366103772534,-0.0492456686502218,-0.0539025643132987,-0.0567790992352416,-0.0584106676302688,-0.0523594065953715,-0.0452343246507239,-0.0379267028570466,-0.031467967903789,-0.0245159794464189,-0.0183315950601704,-0.0141497879774838,-0.0101234600053125,-0.00670972876940441,-0.00414736360083797,-0.00247766004134737,-0.0015402519818139,-0.00088197183288749,-0.000367178231228373,-0.000128928768076241,-0.000104783410533143,-5.25687287702841e-05,8.41186041498316e-07,-1.38186652887798e-05,-8.75807274106207e-06,-4.25505512827851e-06,-2.41042000886403e-06,-9.25380842715213e-07,-1.17073351162888e-06
"1997",-1.9687737248515e-05,0.000960983413851693,0.00471733702615767,0.00961005838484211,0.0136529643833272,0.0149893422647819,0.0171893484916372,0.0230634730307482,0.0240699907813973,0.0174426587528629,0.0121361427263492,0.00618334360838826,-0.000910285885341491,-0.0130298568166759,-0.0283352189108059,-0.0411264077796622,-0.0544028837817098,-0.059736752450837,-0.0608706711700126,-0.0582307310412827,-0.05470162763985,-0.049666741325005,-0.0401787403434399,-0.0326268153349945,-0.0267029546237311,-0.020134519849931,-0.0149607295085754,-0.0117069513631782,-0.00733426271801421,-0.0044474171195602,-0.00270571360190443,-0.00153764130744301,-0.000877183108394595,-0.000405709279829342,-0.000161398105597036,-0.000112788823764934,-8.32548168675388e-06,-1.10664228312027e-05,-2.06707618220482e-05,-1.40672058125032e-05,-8.86176419664155e-06,-5.53972684748621e-06,-3.7727861312742e-06,-1.8008868307691e-06
"1998",9.77467606702427e-05,0.000744835315512792,0.00405572768586202,0.0101295651204293,0.0156692772652887,0.0163357735143163,0.01912317621883,0.0213489070710154,0.0212792480565774,0.0166463689654112,0.0144548659916088,0.00856233061359274,0.00223740761152405,-0.00810658247516159,-0.020832787882923,-0.0366881987640112,-0.0471666773460657,-0.0575046314807696,-0.0570589634796773,-0.0573900315607625,-0.0550061576325269,-0.0480896173113773,-0.042725311644555,-0.0352176548035113,-0.027848916796882,-0.0210290587382998,-0.0156963143002254,-0.0115839889408678,-0.00752879154990612,-0.00506958998623316,-0.00326141882069633,-0.00155619160182685,-0.00108614008521592,-0.000415296743234083,-0.00021337850085261,-0.000121290387275802,-6.167866517578e-05,-3.05298885744937e-05,-2.38181736547206e-05,-1.46849883921454e-05,-9.54651853001713e-06,-6.24818957688113e-06,-2.43682290260664e-06,-1.24180122993788e-06
"1999",0.000139481919146132,0.000764218772881882,0.00435647241367625,0.0121965720169314,0.0202275517943173,0.0214657860968639,0.0242673127698663,0.0310393370220338,0.0307995710798789,0.0249016814859357,0.0219754359384304,0.0171766886941989,0.0121878116294278,0.00235960111745492,-0.00998237740739398,-0.025433629665085,-0.0374496147429802,-0.0457363700724006,-0.0517017167031198,-0.0539296812779509,-0.0497201860138536,-0.0470533506788966,-0.0414822122912341,-0.0348081761758331,-0.0276656843246434,-0.0214252120970791,-0.0151400454241232,-0.0112212041098556,-0.0076154109104815,-0.00530706173781695,-0.00300136309119946,-0.00184508484094496,-0.000923562401010678,-0.000478133250966508,-0.000252275661695678,-0.000148658580286363,-6.84326622242339e-05,-4.24741402667746e-05,-9.67663984867618e-06,-1.38362290227867e-05,-8.64998905378356e-06,-4.64142615815852e-06,-2.57206040219752e-06,-9.55998919699668e-07
"2000",0.000102435865795616,0.000743987896344223,0.00557451933882955,0.0114461856903425,0.0189758201153006,0.0217301548292096,0.0231824103943039,0.0262647463756043,0.0281838440373763,0.0242294354537671,0.02054447707579,0.0164568710843017,0.0105048079894069,0.00317330153723662,-0.00765165528910085,-0.0194775748886974,-0.0327802851661707,-0.0408813550194789,-0.049132216749571,-0.0522922471688481,-0.0504620588443772,-0.0444895794013494,-0.0407004025870226,-0.0359987693683429,-0.0282564396537046,-0.0207634719317364,-0.0160593907298287,-0.0121642756272311,-0.00806082074624262,-0.00519284069904572,-0.00279587416875247,-0.00189483050994803,-0.000820250345695467,-0.000454247665553158,-0.000211082058183459,-8.84311987591342e-05,-9.82858046596135e-08,-2.78260140792572e-05,-1.1913186691054e-05,-1.08907658158279e-05,-6.00593353087312e-06,-4.77669622813298e-06,-3.58250502511347e-06,-2.48261789913384e-07
"2001",6.23810638648673e-05,0.00102531123721519,0.0048036662406783,0.0112083946131359,0.0185210913384153,0.0185795887671335,0.0188866092029414,0.0210983659228786,0.0213008940485321,0.0179700184152326,0.0125605613556643,0.00774078314478709,0.00393874373266322,-0.00253720561310941,-0.011914555426807,-0.0202443532290747,-0.0328156982479428,-0.0424725406024071,-0.0478938676504024,-0.0510183514467146,-0.0507755834773945,-0.0461463489228277,-0.0417021909901918,-0.0361694813904747,-0.0299362757881103,-0.0217076700898951,-0.0172600185792356,-0.0124453763700867,-0.00840554755437675,-0.00579538014847403,-0.00326227391779297,-0.00185599442337954,-0.00116837872153204,-0.000585555691769482,-0.000193405616391388,-0.000116798737330356,-7.87473105003319e-05,-6.98871736405079e-07,-1.95522590086951e-05,-2.14862048895759e-05,-1.15007691731301e-05,-6.17881543800403e-06,-4.91035445484011e-06,-1.85601766666722e-06
"2002",5.26868968642781e-05,0.000963525950523012,0.00382170212787429,0.0107175477600301,0.0166777642757724,0.0171433814454852,0.0156225740220054,0.0185987974121934,0.0138465998290409,0.015663281411028,0.00792983647655737,0.00524712882923438,0.0032923318316266,-0.00124933761733967,-0.0114666688157847,-0.0220404565060661,-0.0295883826022913,-0.0406637718898119,-0.0461617470146968,-0.0493186400417441,-0.0505958567266635,-0.0471748058185286,-0.0427034833547663,-0.0367416986012599,-0.0307808298186298,-0.0248652605750912,-0.0182112919322073,-0.0136076716724823,-0.00891277426525632,-0.00619545253067425,-0.00382670716409147,-0.00203689280793424,-0.00129249426070665,-0.00059670089380865,-0.000286525259942498,-0.000129426275396078,-7.41870980469796e-05,-5.91572249230364e-05,-1.41790324064025e-05,-2.0866115288722e-05,-1.20570172399599e-05,-7.78893248044366e-06,-4.04720834322288e-06,-1.03696660484574e-06
"2003",0.000108023962457739,0.000976579725409548,0.00425665735451366,0.0106894124664451,0.0176021876436489,0.0190392779352691,0.0138300466408312,0.0134589757601134,0.0168029920035386,0.00888403177739236,0.00675679102794861,0.00548779876204554,0.00177522325802217,-0.00256466196526998,-0.00884710591774773,-0.0207947891978672,-0.0278525271509422,-0.0375697139247822,-0.0434639524291866,-0.0470875084714471,-0.0502587154777762,-0.0454844879733669,-0.0432502952575148,-0.0379204506008312,-0.0312380190859664,-0.0250096739340916,-0.0191946977114727,-0.0140640173079487,-0.00982821846139083,-0.00673621861452443,-0.00388789454472584,-0.00224765666412625,-0.0010141817643935,-0.000562774189567747,-0.000312988168543211,-0.000138315014928207,-9.3921371927438e-05,-5.69042255574096e-05,-1.9098956255667e-05,-2.37625842353511e-05,-1.1337830955786e-05,-7.53500842092861e-06,-4.31650896918521e-06,-1.37640529978872e-06
"2004",1.93879829778994e-05,0.000878346176675798,0.00500834169026458,0.0127777395983555,0.0187626995624659,0.019953973389668,0.0155513752087473,0.0148836223118,0.0165332659477686,0.0106046348777095,0.00832552926537526,0.00755970232432798,0.00206393235712228,-0.00102841935736693,-0.00792457294664642,-0.0170075700024142,-0.0238388690092501,-0.0347041950039462,-0.0417858097451345,-0.0418815219955897,-0.0468737753259445,-0.0443222867733965,-0.0423840713226056,-0.0385707300935612,-0.0309709010546049,-0.0252254602503138,-0.0197929332138395,-0.0153109181985546,-0.0101720280029811,-0.00652558121180474,-0.00376402139007112,-0.00236529823570096,-0.00111844740465542,-0.000647804958122158,-0.000384682603090729,-0.00017690346070344,-0.000100424393415211,-5.16741427027473e-05,-4.2752304792868e-05,-2.70429745069646e-05,-8.43561700764771e-06,-1.69358301635825e-06,-9.50290805122415e-08,7.5914724821884e-07
"2005",0.000124276539714326,0.00111304132350761,0.00644260880589432,0.0142541936471826,0.0194304902221285,0.0188390957734434,0.0117985586298055,0.00924467688659688,0.0131775048931514,0.0119141419648049,0.00602007873020968,0.00557120548788194,0.0028604591680735,-0.000722856234582694,-0.00390695367341003,-0.0111978162725478,-0.0196794820264597,-0.0284158490482967,-0.0323635742532501,-0.0392535276035259,-0.0404407660837156,-0.0394480363398405,-0.0397642315969044,-0.0348789725112551,-0.0309460251928438,-0.0256981421957498,-0.0193183351497533,-0.0156556858694658,-0.0112161929128918,-0.00679161715831726,-0.00399200354000913,-0.00214983689021545,-0.00140667270563661,-0.000648826436577658,-0.000384467710983784,-0.000180575402601724,-0.000110403726501755,-6.65932547315297e-05,-5.1078819680204e-05,-3.05906166621963e-05,-1.04207466811257e-05,-2.05797489030665e-06,2.83015005486704e-07,-3.32662345180624e-07
"2006",0.000138419308327448,0.00119017949831622,0.00686926944485889,0.0154756731214011,0.0222208292520326,0.0209955994939448,0.0147935500506483,0.00891172303939906,0.0117109428194413,0.0113360059530307,0.00746323638385833,0.00541017606190751,0.00242817258504724,0.000102678983889354,-0.00505833876280889,-0.00971658856098842,-0.0156729461521596,-0.025611637013845,-0.0305829337087284,-0.0348417447113246,-0.0373610997664626,-0.0381708628687882,-0.0376220474927278,-0.0350078089694927,-0.030418534602847,-0.0255242293505712,-0.019937959087409,-0.0144233853815247,-0.0110829438230961,-0.00683390086574468,-0.00447417736365833,-0.00274446529575159,-0.00145768462530301,-0.00063217371742979,-0.000398475234562081,-0.000141321680737619,-9.9829183723537e-05,-7.16395231192461e-05,-5.3799652087369e-05,-3.35771928601668e-05,-1.91352949576826e-05,-7.38899429485965e-06,-3.50577830349284e-06,-1.95210677884491e-06
"2007",0.000122317008299167,0.00202085383329317,0.00715865397765947,0.0156023821532079,0.0219872226367767,0.023759869929998,0.0142711323113619,0.00939077719376862,0.00910752632013249,0.00818795987771599,0.00517566548770358,0.00566475387388815,0.00147462750878265,-0.000208106238551636,-0.00440270241880418,-0.00921323932479162,-0.0163971027372566,-0.0266134993437738,-0.0306803026323009,-0.0320856752672972,-0.0372282472858741,-0.0354009621868666,-0.0352552477941439,-0.0339934915889043,-0.0299479621832956,-0.0250089236048694,-0.0196992092235469,-0.0149374698965487,-0.010969561190372,-0.00712736755176504,-0.00445289520199976,-0.00275323215071551,-0.00110461672924322,-0.000675065208760683,-0.000371857812943767,-0.000194462449961768,-9.77719173624759e-05,-5.84792418278802e-05,-6.3236689250894e-05,-2.20391262195514e-05,7.68188746877901e-06,1.06573885488793e-05,4.77345865277008e-06,-6.93135436848571e-08
"2008",0.000222793087526042,0.00224954992827179,0.00890917494176783,0.0174811170215137,0.023469606060595,0.0251140237396802,0.0174062649507621,0.0122371598082105,0.0123713175137143,0.00982631456732319,0.00531865797584151,0.00534515986899022,0.00265346132876487,8.05655494080099e-05,-0.00485262998998938,-0.00928472805413748,-0.0160592193027859,-0.0227055371166307,-0.0275487281669829,-0.0296150429943026,-0.030991627732764,-0.0337180416667984,-0.0342593224733184,-0.0319467010856703,-0.0279628476871957,-0.0256597195958374,-0.0199492673588777,-0.0159377488710761,-0.0107756763218441,-0.00761746156822627,-0.00468942530582843,-0.00275997919981633,-0.00156105581626564,-0.000738637103526509,-0.000413751735337818,-0.000159526211482121,-7.59333462715205e-05,-8.64263226771495e-05,-5.39970120479201e-05,-1.94296780667195e-05,-4.42344427938231e-06,-2.63823403104833e-06,-1.67597154566712e-06,-2.18547730426587e-06
"2009",0.000175034532216033,0.00223088436915707,0.0103407374167626,0.0212363787994316,0.026402339151553,0.0294649247547385,0.0226030430951507,0.0181841973587341,0.0153491388724027,0.0144025899177743,0.0081828648459968,0.00746159452601167,0.00770752523485113,0.00482413957109983,0.0010196598911599,-0.0044566852762721,-0.00933115417755333,-0.0195040287707079,-0.0207876437966348,-0.0273274764543842,-0.0289364772173037,-0.0275179351096117,-0.0284685240396102,-0.027138521991616,-0.0249953971075308,-0.0213347337316452,-0.0180724127031575,-0.0143763690394627,-0.011030574868637,-0.00688634699791111,-0.00447341619120441,-0.00289172482034642,-0.00127907570513849,-0.000570554512358574,-0.000269840501991216,-0.000236728784546675,-0.000124540543975906,-8.11065849425444e-05,-7.70339183068122e-05,-4.74256216222419e-05,-2.27516359451002e-05,-9.74600637115479e-06,-5.09552120735962e-06,-2.05581310664875e-06
